time,B,Bz,T,N,V,electron_flux,Kp,Dst,Kp24
2026-09-28 08:00:00+00:00,3.641190476190476,-0.6814285714285715,42157.95121951219,2.165121951219512,348.6780487804878,1652.9141845703125,1.22,-2.0,20.970000000000002
2026-09-28 09:00:00+00:00,3.428,-0.5921666666666667,41468.41379310345,2.377586206896552,347.74827586206897,1770.4935709635417,1.33,0.0,20.97
2026-09-28 10:00:00+00:00,3.137,-0.3401666666666667,39275.627118644064,2.4018644067796613,343.842372881356,1969.8729248046875,1.33,-2.0,20.970000000000002
2026-09-28 11:00:00+00:00,3.817333333333333,0.0191666666666666,45127.42592592593,2.2033333333333336,339.762962962963,2590.4099731445312,1.33,-2.0,20.97
2026-09-28 12:00:00+00:00,3.8483333333333336,0.3271666666666666,42530.372881355936,2.1845762711864407,337.02881355932203,2821.7046712239585,1.33,-3.0,20.970000000000002
2026-09-28 13:00:00+00:00,3.444333333333333,-0.4693333333333333,37869.627118644064,2.32135593220339,336.7237288135593,3324.7323201497397,1.11,-2.0,21.083333333333336
2026-09-28 14:00:00+00:00,3.8868333333333336,-1.2106666666666668,44177.66666666666,2.2131666666666665,330.5883333333333,3811.1522827148438,0.8900000000000001,-2.0,21.310000000000002
2026-09-28 15:00:00+00:00,4.367,-1.0575,43879.36842105263,2.0073684210526315,323.6,3677.234463778409,0.67,-6.0,21.65
2026-09-28 16:00:00+00:00,3.73271186440678,-1.2783050847457629,40585.79310344828,2.2613793103448274,325.7655172413793,3419.33056640625,0.78,-12.0,22.1
2026-09-28 17:00:00+00:00,3.184833333333333,-1.4335,35161.96666666667,2.4075,325.67,3613.5125122070312,0.89,-11.0,22.660000000000004
2026-09-28 18:00:00+00:00,3.388,-1.4586666666666666,39459.53333333333,2.425,325.6316666666667,3393.630574544271,1.0,-11.0,23.330000000000002
2026-09-28 19:00:00+00:00,3.599166666666666,-1.437,55575.26666666667,2.2881666666666667,323.14666666666665,2818.4119466145835,0.89,-11.0,23.890000000000004
2026-09-28 20:00:00+00:00,3.637142857142857,-0.5371428571428571,43102.85,2.862,322.68,2471.990030924479,0.78,-9.0,24.34
2026-09-28 21:00:00+00:00,3.511,-0.7548333333333334,44865.13333333333,2.792333333333333,322.7633333333333,2070.7307637532554,0.67,-5.0,24.680000000000003
2026-09-28 22:00:00+00:00,3.3183333333333334,-0.4723333333333333,51932.8,2.9040000000000004,326.77833333333336,1819.8838907877605,1.1133333333333333,-3.0,25.35
2026-09-28 23:00:00+00:00,2.991,-0.938,57851.81034482759,2.9844827586206897,323.3379310344827,1596.4231058756511,1.5566666666666666,-1.0,26.35
2026-09-29 00:00:00+00:00,3.2626829268292687,-1.8104878048780488,56280.5,2.75,320.96578947368425,1381.705078125,2.0,0.0,27.68
2026-09-29 01:00:00+00:00,3.2985,-0.8293333333333333,54667.625,2.659464285714286,318.62142857142857,1096.8425394694011,1.4433333333333334,-4.0,28.12
2026-09-29 02:00:00+00:00,3.4006666666666665,-1.1295,46612.51724137931,2.807241379310345,318.45,1059.9912618001301,0.8866666666666667,-4.0,27.67
2026-09-29 03:00:00+00:00,3.3979487179487182,-0.4030769230769231,48674.82051282052,2.7502564102564104,316.9692307692308,1153.8005676269531,0.33,-1.0,26.33
2026-09-29 04:00:00+00:00,3.429814814814815,0.6674074074074073,49357.90566037736,2.580566037735849,315.63962264150945,1263.7319742838542,0.44333333333333336,3.0,25.326666666666668
2026-09-29 05:00:00+00:00,3.367833333333333,0.25,47678.05,2.5365,314.07166666666666,1270.942891438802,0.5566666666666666,5.0,24.66
2026-09-29 06:00:00+00:00,3.2375000000000003,-0.8891666666666667,45388.857142857145,2.4595238095238097,310.1047619047619,1298.6973470052083,0.67,3.0,24.330000000000002
2026-09-29 07:00:00+00:00,3.3595,-1.1725,43945.91666666666,2.5656666666666665,309.385,1490.8894958496094,0.89,1.0,24.110000000000003
2026-09-29 08:00:00+00:00,3.4756666666666667,-1.2863333333333336,43025.25,2.668,307.3933333333333,1629.8927714029949,1.11,3.0,24.0
2026-09-29 09:00:00+00:00,3.3811666666666667,-1.4183333333333332,40096.91666666666,2.626333333333333,305.51666666666665,1838.1737365722656,1.33,4.0,24.0
2026-09-29 10:00:00+00:00,3.6365,-2.0118333333333336,40613.26666666667,2.651333333333333,302.56666666666666,2488.589314778646,1.11,1.0,23.78
2026-09-29 11:00:00+00:00,3.718166666666667,-0.9785,40251.066666666666,2.5376666666666665,299.4,2974.51123046875,0.8900000000000001,2.0,23.34
2026-09-29 12:00:00+00:00,3.6353333333333335,-0.9603333333333332,38840.7,2.4661666666666666,296.56166666666667,3355.3841756184897,0.67,1.0,22.68
2026-09-29 13:00:00+00:00,3.8252,-1.4291999999999998,35376.75,2.520714285714285,291.05,3569.2250773111978,0.67,1.0,22.24
2026-09-29 14:00:00+00:00,3.253333333333333,0.4595,37001.18965517241,2.697241379310345,293.048275862069,3830.3251749674478,0.67,2.0,22.02
2026-09-29 15:00:00+00:00,3.649,0.5733333333333334,36460.08771929824,3.2198245614035086,291.85087719298247,4328.794494628906,0.67,3.0,22.020000000000003
2026-09-29 16:00:00+00:00,3.5871666666666666,-0.5690000000000001,37234.71186440678,3.647627118644068,287.1542372881356,5136.457438151042,0.78,1.0,22.02
2026-09-29 17:00:00+00:00,3.36,-0.889,43675.11666666667,3.7988333333333335,285.89166666666665,4823.5299886067705,0.89,0.0,22.02
2026-09-29 18:00:00+00:00,3.5895,-0.2134999999999999,41993.68333333333,3.646166666666667,284.52166666666665,4661.833984375,1.0,-1.0,22.02
2026-09-29 19:00:00+00:00,3.090740740740741,-2.1088888888888886,40863.01851851852,3.6301851851851854,284.4611111111111,4041.674112955729,1.11,0.0,22.24
2026-09-29 20:00:00+00:00,2.9108333333333336,-1.6721666666666666,39739.84745762712,3.6818644067796606,284.271186440678,3441.3394165039062,1.22,4.0,22.68
2026-09-29 21:00:00+00:00,2.9625,-1.5181666666666669,39977.69491525424,3.9930508474576274,281.65762711864403,2708.8983357747397,1.33,7.0,23.34
2026-09-29 22:00:00+00:00,3.4166666666666665,-0.0766666666666666,36442.333333333336,4.07,278.46666666666664,2147.3326110839844,1.22,9.0,23.446666666666665
2026-09-29 23:00:00+00:00,3.0708333333333333,-0.6355000000000001,37115.43333333333,3.96,278.7966666666667,921.9420420328776,1.11,10.0,23.0
2026-09-30 00:00:00+00:00,2.652,-0.8510000000000001,35511.15,4.388833333333333,279.205,741.3815409342448,1.0,11.0,22.0
2026-09-30 01:00:00+00:00,2.942333333333333,-0.4681666666666667,35957.0,4.268983050847457,278.928813559322,729.2964731852213,1.0,12.0,21.556666666666665
2026-09-30 02:00:00+00:00,3.8747368421052633,0.106578947368421,48178.205882352944,4.0064705882352944,285.5735294117647,600.5161158243815,1.0,12.0,21.67
2026-09-30 03:00:00+00:00,3.129166666666667,0.8243333333333334,53548.338983050846,4.537457627118644,293.1237288135593,595.4392954508463,1.0,10.0,22.340000000000003
2026-09-30 04:00:00+00:00,3.667666666666667,1.3026666666666666,50770.93103448276,3.907586206896552,293.76206896551724,668.2769444783529,0.7766666666666667,8.0,22.673333333333332
2026-09-30 05:00:00+00:00,4.0105,0.6358333333333334,47596.627118644064,3.656440677966101,295.6406779661017,644.2615610758463,0.5533333333333335,9.0,22.67
2026-09-30 06:00:00+00:00,3.409,-0.1908333333333333,45058.07142857143,3.318928571428572,291.8892857142857,749.7725474039713,0.33,7.0,22.330000000000002
2026-09-30 07:00:00+00:00,2.239833333333333,0.0085,36505.066666666666,2.884333333333333,292.4533333333333,827.2488861083984,0.6633333333333333,5.0,22.10333333333333
2026-09-30 08:00:00+00:00,2.125,-0.14625,30489.75,2.5675,284.875,935.2093098958334,0.9966666666666666,5.0,21.99
2026-09-30 09:00:00+00:00,2.1195,0.4891666666666667,29056.466666666667,2.6108333333333333,285.47666666666663,1204.0499318440754,1.33,7.0,21.990000000000002
2026-09-30 10:00:00+00:00,2.3665000000000003,0.24683333333333332,31738.333333333332,2.7224999999999997,287.47333333333336,1491.2297770182292,1.22,7.0,22.1
2026-09-30 11:00:00+00:00,3.7935000000000003,2.0196666666666667,37529.71666666667,2.9491666666666663,287.52000000000004,1829.9377848307292,1.11,7.0,22.32
2026-09-30 12:00:00+00:00,3.714833333333333,1.025,41741.333333333336,3.229,289.67833333333334,2039.9414978027344,1.0,7.0,22.65
2026-09-30 13:00:00+00:00,4.032166666666667,3.4,54885.46666666667,3.6508333333333334,296.43833333333333,2259.4449869791665,0.7766666666666667,8.0,22.756666666666668
2026-09-30 14:00:00+00:00,4.299333333333333,1.2058333333333333,41040.01666666667,2.9331666666666667,296.52833333333336,2599.9275105794272,0.5533333333333335,10.0,22.64
2026-09-30 15:00:00+00:00,3.6212068965517243,0.4760344827586207,39863.8275862069,3.473793103448276,299.63620689655176,2454.94287109375,0.33,11.0,22.299999999999997
2026-09-30 16:00:00+00:00,3.95,0.6328070175438597,42003.21052631579,3.6114035087719296,302.29824561403507,2666.2584838867188,0.44333333333333336,9.0,21.963333333333335
2026-09-30 17:00:00+00:00,4.2055,0.5103333333333333,50964.087719298244,3.8833333333333333,303.2736842105263,2661.219767252604,0.5566666666666666,8.0,21.63
2026-09-30 18:00:00+00:00,4.2295,0.58,50319.15517241379,3.715344827586207,299.8724137931034,2095.5822550455728,0.67,6.0,21.3
2026-09-30 19:00:00+00:00,3.8245,0.868,47596.21052631579,3.5673684210526315,298.2859649122807,1340.3943888346355,0.67,6.0,20.86
2026-09-30 20:00:00+00:00,3.138,1.0508333333333333,43063.92307692308,3.5521153846153846,292.4019230769231,1052.0716857910156,0.67,8.0,20.310000000000002
2026-09-30 21:00:00+00:00,2.9903389830508478,-0.6249152542372881,34691.69491525424,3.166779661016949,276.5779661016949,898.6000010172526,0.67,12.0,19.650000000000002
2026-09-30 22:00:00+00:00,3.594333333333333,-1.1621666666666668,34642.083333333336,2.8528333333333338,278.38666666666666,749.1530812581381,0.5566666666666666,13.0,18.986666666666668
2026-09-30 23:00:00+00:00,4.128983050847458,0.6613559322033898,28989.51724137931,3.0105172413793104,276.3310344827586,648.5554402669271,0.44333333333333336,12.0,18.32
2026-10-01 00:00:00+00:00,4.190666666666667,0.7274999999999999,29929.65,3.4021666666666666,277.35999999999996,525.5413055419922,0.33,11.0,17.65
2026-10-01 01:00:00+00:00,3.9908333333333332,1.0641666666666667,31211.566666666666,3.4686666666666666,282.47999999999996,450.6502456665039,0.33,9.0,16.98
2026-10-01 02:00:00+00:00,4.682,-0.1825,33584.35593220339,4.178135593220339,282.9779661016949,346.7049026489258,0.33,8.0,16.310000000000002
2026-10-01 03:00:00+00:00,4.661666666666666,2.4853333333333336,31200.4,3.943833333333333,284.5933333333333,271.430118560791,0.33,9.0,15.64
2026-10-01 04:00:00+00:00,3.6001666666666665,3.0685,31606.94827586207,3.6141379310344828,286.7758620689655,230.3711732228597,0.33,12.0,15.193333333333333
2026-10-01 05:00:00+00:00,4.464333333333333,3.6738333333333335,32938.38333333333,3.2079999999999997,292.1316666666667,246.30673472086588,0.33,16.0,14.97
2026-10-01 06:00:00+00:00,5.786666666666666,4.6855,47798.38333333333,3.4093333333333335,295.2866666666667,303.76773198445636,0.33,16.0,14.97
2026-10-01 07:00:00+00:00,5.748833333333334,3.4145,49877.254237288136,3.8710169491525424,298.91186440677967,401.9218978881836,0.33,15.0,14.636666666666667
