time,B,Bz,T,N,V
2026-10-05 16:00:00+00:00,5.043333333333333,-2.931666666666666,142018.36842105264,4.492105263157894,563.978947368421
2026-10-05 17:00:00+00:00,4.901166666666667,-2.6383333333333336,152089.71666666667,4.4905,569.74
2026-10-05 18:00:00+00:00,4.6865,-2.758166666666667,165401.76666666666,3.998166666666666,569.025
2026-10-05 19:00:00+00:00,4.6,-2.7463333333333333,163365.3,3.470833333333333,561.1949999999999
2026-10-05 20:00:00+00:00,4.5265,-0.9648333333333332,154375.2,2.9985,541.8216666666666
2026-10-05 21:00:00+00:00,4.584444444444444,-1.6362962962962964,148844.22222222222,3.271481481481481,542.0666666666666
2026-10-05 22:00:00+00:00,4.754166666666666,-2.478833333333333,140575.95,3.3981666666666666,546.3166666666667
2026-10-05 23:00:00+00:00,4.763,-0.7708333333333334,145955.16666666666,2.821833333333333,540.05
2026-10-06 00:00:00+00:00,4.6455,-0.436,143122.22033898305,2.7759322033898304,529.0610169491525
2026-10-06 01:00:00+00:00,4.697878787878788,-2.021212121212121,150812.6,2.722571428571429,520.3371428571428
2026-10-06 02:00:00+00:00,4.6695,-0.725,143442.61666666667,2.8695,518.1316666666667
2026-10-06 03:00:00+00:00,4.64271186440678,-1.3228813559322032,140096.93103448275,3.2448275862068963,516.1931034482759
2026-10-06 04:00:00+00:00,4.741166666666667,-1.2011666666666665,141873.33898305084,2.638813559322034,504.38813559322034
2026-10-06 05:00:00+00:00,4.7171666666666665,-1.3191666666666668,142819.35,2.560166666666667,501.6116666666667
2026-10-06 06:00:00+00:00,4.749499999999999,-2.0896666666666666,143345.1,2.881666666666667,496.7
2026-10-06 07:00:00+00:00,4.621166666666666,-2.4426666666666668,124240.51666666666,4.139166666666666,504.5066666666667
2026-10-06 08:00:00+00:00,3.696206896551724,-0.926896551724138,121316.41379310343,4.443103448275862,509.8103448275862
2026-10-06 09:00:00+00:00,3.925172413793103,-1.7694827586206896,120698.46551724138,4.152758620689656,504.7637931034483
2026-10-06 10:00:00+00:00,3.826333333333333,-1.2323333333333333,122839.76666666666,3.618666666666667,494.37666666666667
2026-10-06 11:00:00+00:00,3.615333333333333,-2.140333333333333,124299.56666666668,3.952333333333333,469.7766666666666
2026-10-06 12:00:00+00:00,3.5455,-1.231,109682.81666666668,4.067666666666667,471.7483333333333
2026-10-06 13:00:00+00:00,3.692,-0.7006666666666667,110008.56666666668,4.021833333333333,462.5633333333333
2026-10-06 14:00:00+00:00,3.666333333333333,-0.33,112350.33333333331,3.503,456.155
2026-10-06 15:00:00+00:00,3.9228333333333336,0.3256666666666666,104250.3,3.730833333333333,457.0866666666667
2026-10-06 16:00:00+00:00,3.61975,-3.2215000000000003,104885.35,3.6595,447.9875
2026-10-06 17:00:00+00:00,3.0305000000000004,-1.7396666666666667,108860.98333333334,3.213833333333333,443.4616666666667
2026-10-06 18:00:00+00:00,2.2985,-1.7295,106640.0,3.081694915254237,437.0135593220338
2026-10-06 19:00:00+00:00,2.768823529411765,-0.4847058823529411,92166.86,2.6692,436.86
2026-10-06 20:00:00+00:00,3.282833333333333,-2.252666666666667,76060.45,2.493666666666667,427.89
2026-10-06 21:00:00+00:00,3.0033333333333334,-1.365,68433.33333333333,2.388333333333333,415.3333333333333
2026-10-06 22:00:00+00:00,2.992166666666667,-0.9188333333333334,61494.91666666666,2.4313333333333333,414.20166666666665
2026-10-06 23:00:00+00:00,2.7356666666666665,-1.3661666666666668,66462.94827586207,2.282241379310345,409.36551724137934
2026-10-07 00:00:00+00:00,2.510333333333333,-1.4513333333333334,60613.89473684211,2.6703508771929827,410.00877192982455
2026-10-07 01:00:00+00:00,3.117857142857143,-1.6821428571428572,65135.0,2.335833333333333,387.01666666666665
2026-10-07 02:00:00+00:00,3.498,-0.8073333333333333,57610.333333333336,2.3168627450980392,386.27647058823527
2026-10-07 03:00:00+00:00,3.473,1.221833333333333,66537.6875,1.991875,385.1979166666667
2026-10-07 04:00:00+00:00,3.378,-0.0954999999999999,67521.15094339622,2.031132075471698,380.233962264151
2026-10-07 05:00:00+00:00,3.392333333333333,-1.232,68054.76,2.3666,373.862
2026-10-07 06:00:00+00:00,3.6618333333333335,0.0773333333333333,62258.914893617024,2.2893617021276595,374.6829787234042
2026-10-07 07:00:00+00:00,3.8018333333333336,-0.143,66473.75,2.121875,365.8145833333333
2026-10-07 08:00:00+00:00,3.838571428571429,-1.5692857142857142,66914.25,2.3841666666666668,362.1666666666667
2026-10-07 09:00:00+00:00,3.9426666666666663,-1.1168333333333331,65948.46666666666,2.3095,361.3133333333333
2026-10-07 10:00:00+00:00,3.6131666666666655,1.0676666666666668,63293.46666666667,2.4285,365.17
2026-10-07 11:00:00+00:00,3.649,0.4634999999999999,63499.35593220339,2.633389830508474,358.6627118644068
2026-10-07 12:00:00+00:00,3.8718333333333335,-1.116,57827.41666666666,2.7258333333333336,357.3433333333333
2026-10-07 13:00:00+00:00,3.473,-2.045333333333333,50907.54237288136,3.0861016949152544,356.4220338983052
2026-10-07 14:00:00+00:00,3.606666666666667,-2.0315,53448.51724137931,2.960862068965517,354.7137931034483
2026-10-07 15:00:00+00:00,3.744166666666666,-1.6808333333333332,47806.28571428572,3.0698214285714287,353.5803571428572
2026-10-07 16:00:00+00:00,4.230263157894737,-3.546842105263158,39401.857142857145,3.0,354.87714285714287
2026-10-07 17:00:00+00:00,4.467333333333333,-3.8991666666666664,44083.80392156863,3.108235294117647,351.45490196078435
2026-10-07 18:00:00+00:00,4.279,-3.727,43756.8679245283,3.2069811320754718,349.0547169811321
2026-10-07 19:00:00+00:00,4.073333333333333,-3.1428333333333334,38451.5918367347,3.0514285714285716,348.9020408163265
2026-10-07 20:00:00+00:00,4.333166666666667,-1.9095,47484.574468085106,2.943404255319149,362.75957446808513
2026-10-07 21:00:00+00:00,4.332,-1.9355,59673.17021276596,2.8234042553191485,364.0425531914894
2026-10-07 22:00:00+00:00,4.303833333333333,-0.9371666666666666,71212.31914893616,2.349787234042553,362.48936170212767
2026-10-07 23:00:00+00:00,4.126666666666667,0.19116666666666668,63001.74137931035,2.981551724137931,366.42586206896556
2026-10-08 00:00:00+00:00,4.212833333333333,-2.546,70285.03389830509,3.017457627118644,368.30169491525425
2026-10-08 01:00:00+00:00,3.8558333333333334,-1.1096666666666666,62345.93220338983,3.5562711864406777,375.0508474576271
2026-10-08 02:00:00+00:00,4.099491525423729,-1.2989830508474576,67897.69387755102,3.5126530612244897,369.8204081632653
2026-10-08 03:00:00+00:00,4.059833333333334,-1.1023333333333334,78775.44642857143,3.2246428571428574,372.5
2026-10-08 04:00:00+00:00,3.866333333333333,-0.1865,66583.9298245614,3.257543859649123,377.980701754386
2026-10-08 05:00:00+00:00,3.7756666666666665,-1.1403333333333334,71559.16363636364,3.3963636363636365,375.10181818181815
2026-10-08 06:00:00+00:00,3.867,0.21916666666666668,73920.05263157895,3.3066666666666666,367.9736842105263
2026-10-08 07:00:00+00:00,3.9939999999999998,-0.25866666666666666,75014.40384615384,3.3690384615384614,365.20000000000005
2026-10-08 08:00:00+00:00,3.9236666666666666,-0.32599999999999996,75212.62745098039,3.3933333333333335,362.4019607843137
2026-10-08 09:00:00+00:00,3.916166666666667,-1.8813333333333333,78519.76595744681,3.537659574468085,360.70212765957444
2026-10-08 10:00:00+00:00,4.166166666666666,-2.55,80430.26,3.4677999999999995,357.148
2026-10-08 11:00:00+00:00,4.7669999999999995,-3.8834999999999997,70592.76086956522,3.868913043478261,357.2326086956522
2026-10-08 12:00:00+00:00,5.2595,-4.381833333333334,61103.177777777775,4.168444444444445,357.38666666666666
2026-10-08 13:00:00+00:00,5.213461538461539,-2.525961538461538,55701.74,4.0596,353.74199999999996
2026-10-08 14:00:00+00:00,5.3678333333333335,-2.570666666666667,57781.016949152545,4.052203389830509,350.2050847457627
2026-10-08 15:00:00+00:00,5.134,-2.9204999999999997,66869.94827586207,4.119310344827586,350.73275862068965
